<?xml version="1.0" encoding="UTF-8"?>
<c3p0-config>
	<!-- 默认配置，如果没有指定则使用这个配置 -->
	<default-config>
		<property name="driverClass">com.mysql.jdbc.Driver</property>
		<!-- 参数是为了解决特殊环境导致的入库乱码问题 -->
		<property name="jdbcUrl">jdbc:mysql://127.0.0.1:3306/estore?useUnicode=true&amp;characterEncoding=utf8</property>
		<property name="user">root</property>
		<property name="password">root</property>
	</default-config>
</c3p0-config> 
